"timestamp","host_id","property_name","new_value"
0,"AS0","energy_mix","Mix:100.00"
0,"AS0","carbon_intensity","Mix:45.05"
0,"AS0","water_intensity","Mix:3.47"
900,"AS0","carbon_intensity","Mix:44.30"
900,"AS0","water_intensity","Mix:3.44"
1800,"AS0","carbon_intensity","Mix:42.52"
1800,"AS0","water_intensity","Mix:3.43"
2700,"AS0","carbon_intensity","Mix:41.74"
2700,"AS0","water_intensity","Mix:3.42"
3600,"AS0","carbon_intensity","Mix:41.02"
3600,"AS0","water_intensity","Mix:3.33"
4500,"AS0","carbon_intensity","Mix:40.54"
4500,"AS0","water_intensity","Mix:3.32"
5400,"AS0","carbon_intensity","Mix:40.15"
5400,"AS0","water_intensity","Mix:3.30"
6300,"AS0","carbon_intensity","Mix:39.89"
6300,"AS0","water_intensity","Mix:3.28"
7200,"AS0","carbon_intensity","Mix:39.28"
7200,"AS0","water_intensity","Mix:3.25"
8100,"AS0","carbon_intensity","Mix:38.81"
8100,"AS0","water_intensity","Mix:3.26"
9000,"AS0","carbon_intensity","Mix:38.92"
9000,"AS0","water_intensity","Mix:3.30"
9900,"AS0","carbon_intensity","Mix:38.44"
9900,"AS0","water_intensity","Mix:3.29"
10800,"AS0","carbon_intensity","Mix:39.00"
10800,"AS0","water_intensity","Mix:3.29"
11700,"AS0","carbon_intensity","Mix:38.45"
11700,"AS0","water_intensity","Mix:3.33"
12600,"AS0","carbon_intensity","Mix:38.06"
12600,"AS0","water_intensity","Mix:3.34"
13500,"AS0","carbon_intensity","Mix:37.00"
13500,"AS0","water_intensity","Mix:3.31"
14400,"AS0","carbon_intensity","Mix:36.61"
14400,"AS0","water_intensity","Mix:3.35"
15300,"AS0","carbon_intensity","Mix:36.59"
15300,"AS0","water_intensity","Mix:3.34"
16200,"AS0","carbon_intensity","Mix:37.56"
16200,"AS0","water_intensity","Mix:3.36"
17100,"AS0","carbon_intensity","Mix:38.13"
17100,"AS0","water_intensity","Mix:3.36"
18000,"AS0","carbon_intensity","Mix:38.40"
18000,"AS0","water_intensity","Mix:3.39"
18900,"AS0","carbon_intensity","Mix:38.30"
18900,"AS0","water_intensity","Mix:3.44"
19800,"AS0","carbon_intensity","Mix:38.04"
19800,"AS0","water_intensity","Mix:3.25"
20700,"AS0","carbon_intensity","Mix:39.98"
20700,"AS0","water_intensity","Mix:3.33"
21600,"AS0","carbon_intensity","Mix:42.34"
21600,"AS0","water_intensity","Mix:3.41"
22500,"AS0","carbon_intensity","Mix:44.07"
22500,"AS0","water_intensity","Mix:3.44"
23400,"AS0","carbon_intensity","Mix:45.25"
23400,"AS0","water_intensity","Mix:3.64"
24300,"AS0","carbon_intensity","Mix:45.81"
24300,"AS0","water_intensity","Mix:3.69"
25200,"AS0","carbon_intensity","Mix:45.99"
25200,"AS0","water_intensity","Mix:3.71"
26100,"AS0","carbon_intensity","Mix:46.88"
26100,"AS0","water_intensity","Mix:3.97"
27000,"AS0","carbon_intensity","Mix:48.11"
27000,"AS0","water_intensity","Mix:4.19"
27900,"AS0","carbon_intensity","Mix:48.95"
27900,"AS0","water_intensity","Mix:4.35"
28800,"AS0","carbon_intensity","Mix:51.20"
28800,"AS0","water_intensity","Mix:4.37"
29700,"AS0","carbon_intensity","Mix:52.25"
29700,"AS0","water_intensity","Mix:4.39"
30600,"AS0","carbon_intensity","Mix:53.02"
30600,"AS0","water_intensity","Mix:4.43"
31500,"AS0","carbon_intensity","Mix:53.16"
31500,"AS0","water_intensity","Mix:4.43"
32400,"AS0","carbon_intensity","Mix:53.68"
32400,"AS0","water_intensity","Mix:4.40"
33300,"AS0","carbon_intensity","Mix:53.98"
33300,"AS0","water_intensity","Mix:4.39"
34200,"AS0","carbon_intensity","Mix:53.85"
34200,"AS0","water_intensity","Mix:4.37"
35100,"AS0","carbon_intensity","Mix:53.55"
35100,"AS0","water_intensity","Mix:4.33"
36000,"AS0","carbon_intensity","Mix:53.16"
36000,"AS0","water_intensity","Mix:4.25"
36900,"AS0","carbon_intensity","Mix:52.77"
36900,"AS0","water_intensity","Mix:4.20"
37800,"AS0","carbon_intensity","Mix:52.05"
37800,"AS0","water_intensity","Mix:3.96"
38700,"AS0","carbon_intensity","Mix:51.60"
38700,"AS0","water_intensity","Mix:3.87"
39600,"AS0","carbon_intensity","Mix:51.25"
39600,"AS0","water_intensity","Mix:3.84"
40500,"AS0","carbon_intensity","Mix:51.02"
40500,"AS0","water_intensity","Mix:3.80"
41400,"AS0","carbon_intensity","Mix:50.77"
41400,"AS0","water_intensity","Mix:3.69"
42300,"AS0","carbon_intensity","Mix:50.78"
42300,"AS0","water_intensity","Mix:3.70"
43200,"AS0","carbon_intensity","Mix:50.52"
43200,"AS0","water_intensity","Mix:3.57"
44100,"AS0","carbon_intensity","Mix:50.39"
44100,"AS0","water_intensity","Mix:3.56"
45000,"AS0","carbon_intensity","Mix:50.42"
45000,"AS0","water_intensity","Mix:3.57"
45900,"AS0","carbon_intensity","Mix:50.25"
45900,"AS0","water_intensity","Mix:3.56"
46800,"AS0","carbon_intensity","Mix:50.20"
46800,"AS0","water_intensity","Mix:3.50"
47700,"AS0","carbon_intensity","Mix:50.13"
47700,"AS0","water_intensity","Mix:3.47"
48600,"AS0","carbon_intensity","Mix:49.93"
48600,"AS0","water_intensity","Mix:3.38"
49500,"AS0","carbon_intensity","Mix:49.91"
49500,"AS0","water_intensity","Mix:3.37"
50400,"AS0","carbon_intensity","Mix:50.44"
50400,"AS0","water_intensity","Mix:3.47"
51300,"AS0","carbon_intensity","Mix:50.70"
51300,"AS0","water_intensity","Mix:3.50"
52200,"AS0","carbon_intensity","Mix:50.99"
52200,"AS0","water_intensity","Mix:3.56"
53100,"AS0","carbon_intensity","Mix:51.00"
53100,"AS0","water_intensity","Mix:3.57"
54000,"AS0","carbon_intensity","Mix:50.72"
54000,"AS0","water_intensity","Mix:3.72"
54900,"AS0","carbon_intensity","Mix:50.65"
54900,"AS0","water_intensity","Mix:3.81"
55800,"AS0","carbon_intensity","Mix:51.85"
55800,"AS0","water_intensity","Mix:3.92"
56700,"AS0","carbon_intensity","Mix:52.37"
56700,"AS0","water_intensity","Mix:4.00"
57600,"AS0","carbon_intensity","Mix:53.23"
57600,"AS0","water_intensity","Mix:4.16"
58500,"AS0","carbon_intensity","Mix:53.73"
58500,"AS0","water_intensity","Mix:4.23"
59400,"AS0","carbon_intensity","Mix:53.98"
59400,"AS0","water_intensity","Mix:4.29"
60300,"AS0","carbon_intensity","Mix:54.31"
60300,"AS0","water_intensity","Mix:4.33"
61200,"AS0","carbon_intensity","Mix:54.44"
61200,"AS0","water_intensity","Mix:4.37"
62100,"AS0","carbon_intensity","Mix:54.69"
62100,"AS0","water_intensity","Mix:4.40"
63000,"AS0","carbon_intensity","Mix:55.01"
63000,"AS0","water_intensity","Mix:4.44"
63900,"AS0","carbon_intensity","Mix:55.07"
63900,"AS0","water_intensity","Mix:4.47"
64800,"AS0","carbon_intensity","Mix:54.87"
64800,"AS0","water_intensity","Mix:4.47"
65700,"AS0","carbon_intensity","Mix:53.93"
65700,"AS0","water_intensity","Mix:4.43"
66600,"AS0","carbon_intensity","Mix:53.53"
66600,"AS0","water_intensity","Mix:4.43"
67500,"AS0","carbon_intensity","Mix:53.30"
67500,"AS0","water_intensity","Mix:4.42"
68400,"AS0","carbon_intensity","Mix:53.18"
68400,"AS0","water_intensity","Mix:4.37"
69300,"AS0","carbon_intensity","Mix:54.07"
69300,"AS0","water_intensity","Mix:4.41"
70200,"AS0","carbon_intensity","Mix:53.89"
70200,"AS0","water_intensity","Mix:4.36"
71100,"AS0","carbon_intensity","Mix:53.38"
71100,"AS0","water_intensity","Mix:4.35"
72000,"AS0","carbon_intensity","Mix:54.05"
72000,"AS0","water_intensity","Mix:4.33"
72900,"AS0","carbon_intensity","Mix:53.13"
72900,"AS0","water_intensity","Mix:4.23"
73800,"AS0","carbon_intensity","Mix:52.39"
73800,"AS0","water_intensity","Mix:4.13"
74700,"AS0","carbon_intensity","Mix:52.24"
74700,"AS0","water_intensity","Mix:4.02"
75600,"AS0","carbon_intensity","Mix:52.25"
75600,"AS0","water_intensity","Mix:4.00"
76500,"AS0","carbon_intensity","Mix:52.07"
76500,"AS0","water_intensity","Mix:3.98"
77400,"AS0","carbon_intensity","Mix:50.45"
77400,"AS0","water_intensity","Mix:3.86"
78300,"AS0","carbon_intensity","Mix:49.38"
78300,"AS0","water_intensity","Mix:3.82"
79200,"AS0","carbon_intensity","Mix:49.19"
79200,"AS0","water_intensity","Mix:3.75"
80100,"AS0","carbon_intensity","Mix:48.29"
80100,"AS0","water_intensity","Mix:3.65"
81000,"AS0","carbon_intensity","Mix:46.89"
81000,"AS0","water_intensity","Mix:3.49"
81900,"AS0","carbon_intensity","Mix:47.02"
81900,"AS0","water_intensity","Mix:3.52"
82800,"AS0","carbon_intensity","Mix:47.06"
82800,"AS0","water_intensity","Mix:3.55"
83700,"AS0","carbon_intensity","Mix:47.09"
83700,"AS0","water_intensity","Mix:3.54"
84600,"AS0","carbon_intensity","Mix:47.15"
84600,"AS0","water_intensity","Mix:3.53"
85500,"AS0","carbon_intensity","Mix:47.19"
85500,"AS0","water_intensity","Mix:3.50"
86400,"AS0","carbon_intensity","Mix:47.73"
86400,"AS0","water_intensity","Mix:3.67"
87300,"AS0","carbon_intensity","Mix:47.60"
87300,"AS0","water_intensity","Mix:3.69"
88200,"AS0","carbon_intensity","Mix:47.46"
88200,"AS0","water_intensity","Mix:3.66"
89100,"AS0","carbon_intensity","Mix:46.98"
89100,"AS0","water_intensity","Mix:3.64"
90000,"AS0","carbon_intensity","Mix:46.39"
90000,"AS0","water_intensity","Mix:3.49"
90900,"AS0","carbon_intensity","Mix:45.98"
90900,"AS0","water_intensity","Mix:3.44"
91800,"AS0","carbon_intensity","Mix:46.71"
91800,"AS0","water_intensity","Mix:3.49"
92700,"AS0","carbon_intensity","Mix:47.02"
92700,"AS0","water_intensity","Mix:3.50"
93600,"AS0","carbon_intensity","Mix:47.18"
93600,"AS0","water_intensity","Mix:3.50"
94500,"AS0","carbon_intensity","Mix:47.06"
94500,"AS0","water_intensity","Mix:3.48"
95400,"AS0","carbon_intensity","Mix:46.51"
95400,"AS0","water_intensity","Mix:3.40"
96300,"AS0","carbon_intensity","Mix:45.99"
96300,"AS0","water_intensity","Mix:3.37"
97200,"AS0","carbon_intensity","Mix:45.89"
97200,"AS0","water_intensity","Mix:3.31"
98100,"AS0","carbon_intensity","Mix:45.97"
98100,"AS0","water_intensity","Mix:3.33"
99000,"AS0","carbon_intensity","Mix:46.23"
99000,"AS0","water_intensity","Mix:3.38"
99900,"AS0","carbon_intensity","Mix:46.37"
99900,"AS0","water_intensity","Mix:3.41"
100800,"AS0","carbon_intensity","Mix:46.42"
100800,"AS0","water_intensity","Mix:3.42"
101700,"AS0","carbon_intensity","Mix:46.43"
101700,"AS0","water_intensity","Mix:3.42"
102600,"AS0","carbon_intensity","Mix:46.27"
102600,"AS0","water_intensity","Mix:3.36"
103500,"AS0","carbon_intensity","Mix:46.34"
103500,"AS0","water_intensity","Mix:3.37"
104400,"AS0","carbon_intensity","Mix:46.67"
104400,"AS0","water_intensity","Mix:3.45"
105300,"AS0","carbon_intensity","Mix:47.15"
105300,"AS0","water_intensity","Mix:3.50"
106200,"AS0","carbon_intensity","Mix:47.69"
106200,"AS0","water_intensity","Mix:3.55"
107100,"AS0","carbon_intensity","Mix:48.04"
107100,"AS0","water_intensity","Mix:3.58"
108000,"AS0","carbon_intensity","Mix:48.47"
108000,"AS0","water_intensity","Mix:3.62"
108900,"AS0","carbon_intensity","Mix:49.01"
108900,"AS0","water_intensity","Mix:3.69"
109800,"AS0","carbon_intensity","Mix:49.18"
109800,"AS0","water_intensity","Mix:3.69"
110700,"AS0","carbon_intensity","Mix:49.64"
110700,"AS0","water_intensity","Mix:3.77"
111600,"AS0","carbon_intensity","Mix:50.04"
111600,"AS0","water_intensity","Mix:3.86"
112500,"AS0","carbon_intensity","Mix:50.52"
112500,"AS0","water_intensity","Mix:4.04"
113400,"AS0","carbon_intensity","Mix:51.20"
113400,"AS0","water_intensity","Mix:4.31"
114300,"AS0","carbon_intensity","Mix:52.22"
114300,"AS0","water_intensity","Mix:4.43"
115200,"AS0","carbon_intensity","Mix:52.53"
115200,"AS0","water_intensity","Mix:4.46"
116100,"AS0","carbon_intensity","Mix:52.30"
116100,"AS0","water_intensity","Mix:4.53"
117000,"AS0","carbon_intensity","Mix:52.67"
117000,"AS0","water_intensity","Mix:4.55"
117900,"AS0","carbon_intensity","Mix:53.13"
117900,"AS0","water_intensity","Mix:4.54"
118800,"AS0","carbon_intensity","Mix:53.32"
118800,"AS0","water_intensity","Mix:4.48"
119700,"AS0","carbon_intensity","Mix:53.27"
119700,"AS0","water_intensity","Mix:4.44"
120600,"AS0","carbon_intensity","Mix:53.67"
120600,"AS0","water_intensity","Mix:4.40"
121500,"AS0","carbon_intensity","Mix:54.22"
121500,"AS0","water_intensity","Mix:4.37"
122400,"AS0","carbon_intensity","Mix:53.64"
122400,"AS0","water_intensity","Mix:4.35"
123300,"AS0","carbon_intensity","Mix:53.88"
123300,"AS0","water_intensity","Mix:4.28"
124200,"AS0","carbon_intensity","Mix:53.21"
124200,"AS0","water_intensity","Mix:4.08"
125100,"AS0","carbon_intensity","Mix:52.91"
125100,"AS0","water_intensity","Mix:4.02"
126000,"AS0","carbon_intensity","Mix:52.78"
126000,"AS0","water_intensity","Mix:3.98"
126900,"AS0","carbon_intensity","Mix:52.36"
126900,"AS0","water_intensity","Mix:3.90"
127800,"AS0","carbon_intensity","Mix:52.00"
127800,"AS0","water_intensity","Mix:3.78"
128700,"AS0","carbon_intensity","Mix:51.74"
128700,"AS0","water_intensity","Mix:3.71"
129600,"AS0","carbon_intensity","Mix:51.23"
129600,"AS0","water_intensity","Mix:3.68"
130500,"AS0","carbon_intensity","Mix:50.70"
130500,"AS0","water_intensity","Mix:3.64"
131400,"AS0","carbon_intensity","Mix:50.73"
131400,"AS0","water_intensity","Mix:3.65"
132300,"AS0","carbon_intensity","Mix:50.35"
132300,"AS0","water_intensity","Mix:3.63"
133200,"AS0","carbon_intensity","Mix:50.02"
133200,"AS0","water_intensity","Mix:3.61"
134100,"AS0","carbon_intensity","Mix:49.71"
134100,"AS0","water_intensity","Mix:3.57"
135000,"AS0","carbon_intensity","Mix:49.59"
135000,"AS0","water_intensity","Mix:3.54"
135900,"AS0","carbon_intensity","Mix:49.44"
135900,"AS0","water_intensity","Mix:3.47"
136800,"AS0","carbon_intensity","Mix:49.77"
136800,"AS0","water_intensity","Mix:3.39"
137700,"AS0","carbon_intensity","Mix:49.91"
137700,"AS0","water_intensity","Mix:3.39"
138600,"AS0","carbon_intensity","Mix:50.31"
138600,"AS0","water_intensity","Mix:3.43"
139500,"AS0","carbon_intensity","Mix:50.28"
139500,"AS0","water_intensity","Mix:3.45"
140400,"AS0","carbon_intensity","Mix:50.41"
140400,"AS0","water_intensity","Mix:3.52"
141300,"AS0","carbon_intensity","Mix:50.75"
141300,"AS0","water_intensity","Mix:3.56"
142200,"AS0","carbon_intensity","Mix:51.23"
142200,"AS0","water_intensity","Mix:3.70"
143100,"AS0","carbon_intensity","Mix:51.50"
143100,"AS0","water_intensity","Mix:3.76"
144000,"AS0","carbon_intensity","Mix:51.55"
144000,"AS0","water_intensity","Mix:3.80"
144900,"AS0","carbon_intensity","Mix:51.89"
144900,"AS0","water_intensity","Mix:3.85"
145800,"AS0","carbon_intensity","Mix:53.06"
145800,"AS0","water_intensity","Mix:4.07"
146700,"AS0","carbon_intensity","Mix:52.87"
146700,"AS0","water_intensity","Mix:4.18"
147600,"AS0","carbon_intensity","Mix:52.81"
147600,"AS0","water_intensity","Mix:4.23"
148500,"AS0","carbon_intensity","Mix:53.32"
148500,"AS0","water_intensity","Mix:4.29"
149400,"AS0","carbon_intensity","Mix:53.29"
149400,"AS0","water_intensity","Mix:4.32"
150300,"AS0","carbon_intensity","Mix:53.39"
150300,"AS0","water_intensity","Mix:4.36"
151200,"AS0","carbon_intensity","Mix:52.67"
151200,"AS0","water_intensity","Mix:4.29"
152100,"AS0","carbon_intensity","Mix:52.63"
152100,"AS0","water_intensity","Mix:4.29"
153000,"AS0","carbon_intensity","Mix:52.62"
153000,"AS0","water_intensity","Mix:4.30"
153900,"AS0","carbon_intensity","Mix:52.87"
153900,"AS0","water_intensity","Mix:4.39"
154800,"AS0","carbon_intensity","Mix:52.91"
154800,"AS0","water_intensity","Mix:4.40"
155700,"AS0","carbon_intensity","Mix:52.40"
155700,"AS0","water_intensity","Mix:4.36"
156600,"AS0","carbon_intensity","Mix:51.64"
156600,"AS0","water_intensity","Mix:4.23"
157500,"AS0","carbon_intensity","Mix:50.86"
157500,"AS0","water_intensity","Mix:4.19"
158400,"AS0","carbon_intensity","Mix:51.32"
158400,"AS0","water_intensity","Mix:4.16"
159300,"AS0","carbon_intensity","Mix:51.02"
159300,"AS0","water_intensity","Mix:4.14"
160200,"AS0","carbon_intensity","Mix:49.28"
160200,"AS0","water_intensity","Mix:4.01"
161100,"AS0","carbon_intensity","Mix:47.87"
161100,"AS0","water_intensity","Mix:3.96"
162000,"AS0","carbon_intensity","Mix:48.00"
162000,"AS0","water_intensity","Mix:3.93"
162900,"AS0","carbon_intensity","Mix:47.42"
162900,"AS0","water_intensity","Mix:3.87"
163800,"AS0","carbon_intensity","Mix:47.26"
163800,"AS0","water_intensity","Mix:3.82"
164700,"AS0","carbon_intensity","Mix:46.30"
164700,"AS0","water_intensity","Mix:3.75"
165600,"AS0","carbon_intensity","Mix:46.81"
165600,"AS0","water_intensity","Mix:3.74"
166500,"AS0","carbon_intensity","Mix:46.41"
166500,"AS0","water_intensity","Mix:3.58"
167400,"AS0","carbon_intensity","Mix:46.03"
167400,"AS0","water_intensity","Mix:3.46"
168300,"AS0","carbon_intensity","Mix:45.56"
168300,"AS0","water_intensity","Mix:3.42"
169200,"AS0","carbon_intensity","Mix:45.13"
169200,"AS0","water_intensity","Mix:3.33"
170100,"AS0","carbon_intensity","Mix:44.66"
170100,"AS0","water_intensity","Mix:3.27"
171000,"AS0","carbon_intensity","Mix:44.46"
171000,"AS0","water_intensity","Mix:3.26"
171900,"AS0","carbon_intensity","Mix:43.92"
171900,"AS0","water_intensity","Mix:3.20"
172800,"AS0","carbon_intensity","Mix:43.59"
172800,"AS0","water_intensity","Mix:3.15"
173700,"AS0","carbon_intensity","Mix:43.37"
173700,"AS0","water_intensity","Mix:3.23"
174600,"AS0","carbon_intensity","Mix:42.38"
174600,"AS0","water_intensity","Mix:3.25"
175500,"AS0","carbon_intensity","Mix:40.81"
175500,"AS0","water_intensity","Mix:3.28"
176400,"AS0","carbon_intensity","Mix:39.87"
176400,"AS0","water_intensity","Mix:3.28"
177300,"AS0","carbon_intensity","Mix:39.67"
177300,"AS0","water_intensity","Mix:3.28"
178200,"AS0","carbon_intensity","Mix:39.60"
178200,"AS0","water_intensity","Mix:3.24"
179100,"AS0","carbon_intensity","Mix:38.97"
179100,"AS0","water_intensity","Mix:3.20"
180000,"AS0","carbon_intensity","Mix:38.76"
180000,"AS0","water_intensity","Mix:3.17"
180900,"AS0","carbon_intensity","Mix:37.13"
180900,"AS0","water_intensity","Mix:3.14"
181800,"AS0","carbon_intensity","Mix:36.71"
181800,"AS0","water_intensity","Mix:3.15"
182700,"AS0","carbon_intensity","Mix:35.96"
182700,"AS0","water_intensity","Mix:3.15"
183600,"AS0","carbon_intensity","Mix:36.07"
183600,"AS0","water_intensity","Mix:3.13"
184500,"AS0","carbon_intensity","Mix:35.76"
184500,"AS0","water_intensity","Mix:3.15"
185400,"AS0","carbon_intensity","Mix:35.47"
185400,"AS0","water_intensity","Mix:3.21"
186300,"AS0","carbon_intensity","Mix:35.06"
186300,"AS0","water_intensity","Mix:3.20"
187200,"AS0","carbon_intensity","Mix:35.64"
187200,"AS0","water_intensity","Mix:3.21"
188100,"AS0","carbon_intensity","Mix:36.08"
188100,"AS0","water_intensity","Mix:3.22"
189000,"AS0","carbon_intensity","Mix:35.33"
189000,"AS0","water_intensity","Mix:3.22"
189900,"AS0","carbon_intensity","Mix:34.76"
189900,"AS0","water_intensity","Mix:3.16"
190800,"AS0","carbon_intensity","Mix:34.17"
190800,"AS0","water_intensity","Mix:3.14"
191700,"AS0","carbon_intensity","Mix:35.06"
191700,"AS0","water_intensity","Mix:3.16"
192600,"AS0","carbon_intensity","Mix:35.18"
192600,"AS0","water_intensity","Mix:3.16"
193500,"AS0","carbon_intensity","Mix:35.06"
193500,"AS0","water_intensity","Mix:3.05"
194400,"AS0","carbon_intensity","Mix:38.21"
194400,"AS0","water_intensity","Mix:3.11"
195300,"AS0","carbon_intensity","Mix:40.68"
195300,"AS0","water_intensity","Mix:3.08"
196200,"AS0","carbon_intensity","Mix:40.61"
196200,"AS0","water_intensity","Mix:2.97"
197100,"AS0","carbon_intensity","Mix:41.23"
197100,"AS0","water_intensity","Mix:3.00"
198000,"AS0","carbon_intensity","Mix:40.97"
198000,"AS0","water_intensity","Mix:3.06"
198900,"AS0","carbon_intensity","Mix:42.45"
198900,"AS0","water_intensity","Mix:3.08"
199800,"AS0","carbon_intensity","Mix:42.89"
199800,"AS0","water_intensity","Mix:3.14"
200700,"AS0","carbon_intensity","Mix:42.89"
200700,"AS0","water_intensity","Mix:3.14"
201600,"AS0","carbon_intensity","Mix:42.77"
201600,"AS0","water_intensity","Mix:3.20"
202500,"AS0","carbon_intensity","Mix:42.96"
202500,"AS0","water_intensity","Mix:3.24"
203400,"AS0","carbon_intensity","Mix:43.16"
203400,"AS0","water_intensity","Mix:3.25"
204300,"AS0","carbon_intensity","Mix:43.26"
204300,"AS0","water_intensity","Mix:3.28"
205200,"AS0","carbon_intensity","Mix:43.37"
205200,"AS0","water_intensity","Mix:3.33"
206100,"AS0","carbon_intensity","Mix:43.25"
206100,"AS0","water_intensity","Mix:3.31"
207000,"AS0","carbon_intensity","Mix:42.99"
207000,"AS0","water_intensity","Mix:3.27"
207900,"AS0","carbon_intensity","Mix:42.76"
207900,"AS0","water_intensity","Mix:3.23"
208800,"AS0","carbon_intensity","Mix:42.63"
208800,"AS0","water_intensity","Mix:3.19"
209700,"AS0","carbon_intensity","Mix:42.63"
209700,"AS0","water_intensity","Mix:3.20"
210600,"AS0","carbon_intensity","Mix:42.54"
210600,"AS0","water_intensity","Mix:3.17"
211500,"AS0","carbon_intensity","Mix:42.30"
211500,"AS0","water_intensity","Mix:3.16"
212400,"AS0","carbon_intensity","Mix:41.24"
212400,"AS0","water_intensity","Mix:3.10"
213300,"AS0","carbon_intensity","Mix:41.67"
213300,"AS0","water_intensity","Mix:3.04"
214200,"AS0","carbon_intensity","Mix:41.52"
214200,"AS0","water_intensity","Mix:2.98"
215100,"AS0","carbon_intensity","Mix:41.05"
215100,"AS0","water_intensity","Mix:2.95"
216000,"AS0","carbon_intensity","Mix:41.45"
216000,"AS0","water_intensity","Mix:2.91"
216900,"AS0","carbon_intensity","Mix:41.14"
216900,"AS0","water_intensity","Mix:2.87"
217800,"AS0","carbon_intensity","Mix:40.99"
217800,"AS0","water_intensity","Mix:2.84"
218700,"AS0","carbon_intensity","Mix:41.05"
218700,"AS0","water_intensity","Mix:2.85"
219600,"AS0","carbon_intensity","Mix:40.83"
219600,"AS0","water_intensity","Mix:2.86"
220500,"AS0","carbon_intensity","Mix:40.80"
220500,"AS0","water_intensity","Mix:2.89"
221400,"AS0","carbon_intensity","Mix:40.93"
221400,"AS0","water_intensity","Mix:2.90"
222300,"AS0","carbon_intensity","Mix:40.64"
222300,"AS0","water_intensity","Mix:2.93"
223200,"AS0","carbon_intensity","Mix:41.69"
223200,"AS0","water_intensity","Mix:2.97"
224100,"AS0","carbon_intensity","Mix:42.25"
224100,"AS0","water_intensity","Mix:3.00"
225000,"AS0","carbon_intensity","Mix:42.41"
225000,"AS0","water_intensity","Mix:3.04"
225900,"AS0","carbon_intensity","Mix:42.95"
225900,"AS0","water_intensity","Mix:3.16"
226800,"AS0","carbon_intensity","Mix:44.02"
226800,"AS0","water_intensity","Mix:3.29"
227700,"AS0","carbon_intensity","Mix:43.99"
227700,"AS0","water_intensity","Mix:3.31"
228600,"AS0","carbon_intensity","Mix:44.49"
228600,"AS0","water_intensity","Mix:3.38"
229500,"AS0","carbon_intensity","Mix:44.94"
229500,"AS0","water_intensity","Mix:3.50"
230400,"AS0","carbon_intensity","Mix:45.01"
230400,"AS0","water_intensity","Mix:3.62"
231300,"AS0","carbon_intensity","Mix:44.61"
231300,"AS0","water_intensity","Mix:3.70"
232200,"AS0","carbon_intensity","Mix:44.42"
232200,"AS0","water_intensity","Mix:3.71"
233100,"AS0","carbon_intensity","Mix:44.58"
233100,"AS0","water_intensity","Mix:3.77"
234000,"AS0","carbon_intensity","Mix:45.63"
234000,"AS0","water_intensity","Mix:3.85"
234900,"AS0","carbon_intensity","Mix:46.16"
234900,"AS0","water_intensity","Mix:3.88"
235800,"AS0","carbon_intensity","Mix:45.98"
235800,"AS0","water_intensity","Mix:3.88"
236700,"AS0","carbon_intensity","Mix:46.31"
236700,"AS0","water_intensity","Mix:3.93"
237600,"AS0","carbon_intensity","Mix:46.91"
237600,"AS0","water_intensity","Mix:4.10"
238500,"AS0","carbon_intensity","Mix:47.05"
238500,"AS0","water_intensity","Mix:4.14"
239400,"AS0","carbon_intensity","Mix:47.15"
239400,"AS0","water_intensity","Mix:4.18"
240300,"AS0","carbon_intensity","Mix:47.02"
240300,"AS0","water_intensity","Mix:4.18"
241200,"AS0","carbon_intensity","Mix:47.57"
241200,"AS0","water_intensity","Mix:4.17"
242100,"AS0","carbon_intensity","Mix:47.56"
242100,"AS0","water_intensity","Mix:4.15"
243000,"AS0","carbon_intensity","Mix:47.15"
243000,"AS0","water_intensity","Mix:3.95"
243900,"AS0","carbon_intensity","Mix:46.92"
243900,"AS0","water_intensity","Mix:3.82"
244800,"AS0","carbon_intensity","Mix:46.72"
244800,"AS0","water_intensity","Mix:3.68"
245700,"AS0","carbon_intensity","Mix:45.95"
245700,"AS0","water_intensity","Mix:3.52"
246600,"AS0","carbon_intensity","Mix:45.77"
246600,"AS0","water_intensity","Mix:3.43"
247500,"AS0","carbon_intensity","Mix:45.63"
247500,"AS0","water_intensity","Mix:3.36"
248400,"AS0","carbon_intensity","Mix:45.54"
248400,"AS0","water_intensity","Mix:3.26"
249300,"AS0","carbon_intensity","Mix:45.96"
249300,"AS0","water_intensity","Mix:3.23"
250200,"AS0","carbon_intensity","Mix:44.69"
250200,"AS0","water_intensity","Mix:3.08"
251100,"AS0","carbon_intensity","Mix:42.72"
251100,"AS0","water_intensity","Mix:3.03"
252000,"AS0","carbon_intensity","Mix:42.82"
252000,"AS0","water_intensity","Mix:2.97"
252900,"AS0","carbon_intensity","Mix:43.07"
252900,"AS0","water_intensity","Mix:3.04"
253800,"AS0","carbon_intensity","Mix:44.21"
253800,"AS0","water_intensity","Mix:3.09"
254700,"AS0","carbon_intensity","Mix:43.73"
254700,"AS0","water_intensity","Mix:3.05"
255600,"AS0","carbon_intensity","Mix:44.03"
255600,"AS0","water_intensity","Mix:3.06"
256500,"AS0","carbon_intensity","Mix:44.08"
256500,"AS0","water_intensity","Mix:3.02"
257400,"AS0","carbon_intensity","Mix:44.31"
257400,"AS0","water_intensity","Mix:3.04"
258300,"AS0","carbon_intensity","Mix:43.98"
258300,"AS0","water_intensity","Mix:3.01"
259200,"AS0","carbon_intensity","Mix:44.97"
259200,"AS0","water_intensity","Mix:3.16"
260100,"AS0","carbon_intensity","Mix:45.01"
260100,"AS0","water_intensity","Mix:3.15"
261000,"AS0","carbon_intensity","Mix:44.60"
261000,"AS0","water_intensity","Mix:3.02"
261900,"AS0","carbon_intensity","Mix:44.32"
261900,"AS0","water_intensity","Mix:3.03"
262800,"AS0","carbon_intensity","Mix:43.10"
262800,"AS0","water_intensity","Mix:2.95"
263700,"AS0","carbon_intensity","Mix:41.39"
263700,"AS0","water_intensity","Mix:2.95"
264600,"AS0","carbon_intensity","Mix:41.27"
264600,"AS0","water_intensity","Mix:3.06"
265500,"AS0","carbon_intensity","Mix:41.86"
265500,"AS0","water_intensity","Mix:3.16"
266400,"AS0","carbon_intensity","Mix:41.92"
266400,"AS0","water_intensity","Mix:3.15"
267300,"AS0","carbon_intensity","Mix:42.12"
267300,"AS0","water_intensity","Mix:3.18"
268200,"AS0","carbon_intensity","Mix:42.14"
268200,"AS0","water_intensity","Mix:3.24"
269100,"AS0","carbon_intensity","Mix:41.91"
269100,"AS0","water_intensity","Mix:3.23"
270000,"AS0","carbon_intensity","Mix:42.15"
270000,"AS0","water_intensity","Mix:3.26"
270900,"AS0","carbon_intensity","Mix:42.66"
270900,"AS0","water_intensity","Mix:3.26"
271800,"AS0","carbon_intensity","Mix:42.72"
271800,"AS0","water_intensity","Mix:3.26"
272700,"AS0","carbon_intensity","Mix:41.62"
272700,"AS0","water_intensity","Mix:3.23"
273600,"AS0","carbon_intensity","Mix:42.03"
273600,"AS0","water_intensity","Mix:3.28"
274500,"AS0","carbon_intensity","Mix:41.19"
274500,"AS0","water_intensity","Mix:3.30"
275400,"AS0","carbon_intensity","Mix:41.88"
275400,"AS0","water_intensity","Mix:3.30"
276300,"AS0","carbon_intensity","Mix:41.55"
276300,"AS0","water_intensity","Mix:3.30"
277200,"AS0","carbon_intensity","Mix:42.30"
277200,"AS0","water_intensity","Mix:3.32"
278100,"AS0","carbon_intensity","Mix:42.14"
278100,"AS0","water_intensity","Mix:3.29"
279000,"AS0","carbon_intensity","Mix:42.09"
279000,"AS0","water_intensity","Mix:3.24"
279900,"AS0","carbon_intensity","Mix:42.48"
279900,"AS0","water_intensity","Mix:3.19"
280800,"AS0","carbon_intensity","Mix:43.47"
280800,"AS0","water_intensity","Mix:3.19"
281700,"AS0","carbon_intensity","Mix:44.23"
281700,"AS0","water_intensity","Mix:3.08"
282600,"AS0","carbon_intensity","Mix:45.82"
282600,"AS0","water_intensity","Mix:3.23"
283500,"AS0","carbon_intensity","Mix:47.44"
283500,"AS0","water_intensity","Mix:3.38"
284400,"AS0","carbon_intensity","Mix:47.97"
284400,"AS0","water_intensity","Mix:3.56"
285300,"AS0","carbon_intensity","Mix:48.37"
285300,"AS0","water_intensity","Mix:3.69"
286200,"AS0","carbon_intensity","Mix:48.99"
286200,"AS0","water_intensity","Mix:3.94"
287100,"AS0","carbon_intensity","Mix:49.17"
287100,"AS0","water_intensity","Mix:3.99"
288000,"AS0","carbon_intensity","Mix:50.06"
288000,"AS0","water_intensity","Mix:4.07"
288900,"AS0","carbon_intensity","Mix:50.78"
288900,"AS0","water_intensity","Mix:4.10"
289800,"AS0","carbon_intensity","Mix:51.23"
289800,"AS0","water_intensity","Mix:4.10"
290700,"AS0","carbon_intensity","Mix:51.22"
290700,"AS0","water_intensity","Mix:4.10"
291600,"AS0","carbon_intensity","Mix:51.74"
291600,"AS0","water_intensity","Mix:4.11"
292500,"AS0","carbon_intensity","Mix:51.59"
292500,"AS0","water_intensity","Mix:4.09"
293400,"AS0","carbon_intensity","Mix:51.64"
293400,"AS0","water_intensity","Mix:4.07"
294300,"AS0","carbon_intensity","Mix:51.41"
294300,"AS0","water_intensity","Mix:4.03"
295200,"AS0","carbon_intensity","Mix:50.39"
295200,"AS0","water_intensity","Mix:4.00"
296100,"AS0","carbon_intensity","Mix:49.53"
296100,"AS0","water_intensity","Mix:4.00"
297000,"AS0","carbon_intensity","Mix:48.71"
297000,"AS0","water_intensity","Mix:3.97"
297900,"AS0","carbon_intensity","Mix:49.52"
297900,"AS0","water_intensity","Mix:3.96"
298800,"AS0","carbon_intensity","Mix:49.52"
298800,"AS0","water_intensity","Mix:3.91"
299700,"AS0","carbon_intensity","Mix:49.44"
299700,"AS0","water_intensity","Mix:3.89"
300600,"AS0","carbon_intensity","Mix:49.23"
300600,"AS0","water_intensity","Mix:3.85"
301500,"AS0","carbon_intensity","Mix:48.86"
301500,"AS0","water_intensity","Mix:3.78"
302400,"AS0","carbon_intensity","Mix:48.62"
302400,"AS0","water_intensity","Mix:3.75"
303300,"AS0","carbon_intensity","Mix:48.47"
303300,"AS0","water_intensity","Mix:3.72"
304200,"AS0","carbon_intensity","Mix:48.51"
304200,"AS0","water_intensity","Mix:3.71"
305100,"AS0","carbon_intensity","Mix:48.27"
305100,"AS0","water_intensity","Mix:3.62"
306000,"AS0","carbon_intensity","Mix:48.04"
306000,"AS0","water_intensity","Mix:3.55"
306900,"AS0","carbon_intensity","Mix:48.00"
306900,"AS0","water_intensity","Mix:3.52"
307800,"AS0","carbon_intensity","Mix:47.82"
307800,"AS0","water_intensity","Mix:3.46"
308700,"AS0","carbon_intensity","Mix:47.65"
308700,"AS0","water_intensity","Mix:3.41"
309600,"AS0","carbon_intensity","Mix:47.65"
309600,"AS0","water_intensity","Mix:3.32"
310500,"AS0","carbon_intensity","Mix:47.85"
310500,"AS0","water_intensity","Mix:3.31"
311400,"AS0","carbon_intensity","Mix:47.55"
311400,"AS0","water_intensity","Mix:3.29"
312300,"AS0","carbon_intensity","Mix:47.38"
312300,"AS0","water_intensity","Mix:3.22"
313200,"AS0","carbon_intensity","Mix:47.23"
313200,"AS0","water_intensity","Mix:3.17"
314100,"AS0","carbon_intensity","Mix:47.18"
314100,"AS0","water_intensity","Mix:3.15"
315000,"AS0","carbon_intensity","Mix:47.02"
315000,"AS0","water_intensity","Mix:3.14"
315900,"AS0","carbon_intensity","Mix:46.99"
315900,"AS0","water_intensity","Mix:3.13"
316800,"AS0","carbon_intensity","Mix:46.64"
316800,"AS0","water_intensity","Mix:3.10"
317700,"AS0","carbon_intensity","Mix:45.87"
317700,"AS0","water_intensity","Mix:3.07"
318600,"AS0","carbon_intensity","Mix:45.50"
318600,"AS0","water_intensity","Mix:3.08"
319500,"AS0","carbon_intensity","Mix:45.41"
319500,"AS0","water_intensity","Mix:3.08"
320400,"AS0","carbon_intensity","Mix:45.84"
320400,"AS0","water_intensity","Mix:3.20"
321300,"AS0","carbon_intensity","Mix:46.03"
321300,"AS0","water_intensity","Mix:3.24"
322200,"AS0","carbon_intensity","Mix:46.07"
322200,"AS0","water_intensity","Mix:3.30"
323100,"AS0","carbon_intensity","Mix:46.17"
323100,"AS0","water_intensity","Mix:3.31"
324000,"AS0","carbon_intensity","Mix:46.67"
324000,"AS0","water_intensity","Mix:3.32"
324900,"AS0","carbon_intensity","Mix:46.93"
324900,"AS0","water_intensity","Mix:3.32"
325800,"AS0","carbon_intensity","Mix:46.78"
325800,"AS0","water_intensity","Mix:3.35"
326700,"AS0","carbon_intensity","Mix:46.76"
326700,"AS0","water_intensity","Mix:3.37"
327600,"AS0","carbon_intensity","Mix:46.74"
327600,"AS0","water_intensity","Mix:3.24"
328500,"AS0","carbon_intensity","Mix:46.90"
328500,"AS0","water_intensity","Mix:3.20"
329400,"AS0","carbon_intensity","Mix:46.46"
329400,"AS0","water_intensity","Mix:3.08"
330300,"AS0","carbon_intensity","Mix:45.79"
330300,"AS0","water_intensity","Mix:3.02"
331200,"AS0","carbon_intensity","Mix:44.94"
331200,"AS0","water_intensity","Mix:3.00"
332100,"AS0","carbon_intensity","Mix:42.85"
332100,"AS0","water_intensity","Mix:2.97"
333000,"AS0","carbon_intensity","Mix:40.09"
333000,"AS0","water_intensity","Mix:2.90"
333900,"AS0","carbon_intensity","Mix:38.24"
333900,"AS0","water_intensity","Mix:2.87"
334800,"AS0","carbon_intensity","Mix:35.01"
334800,"AS0","water_intensity","Mix:2.85"
335700,"AS0","carbon_intensity","Mix:32.38"
335700,"AS0","water_intensity","Mix:2.88"
336600,"AS0","carbon_intensity","Mix:30.80"
336600,"AS0","water_intensity","Mix:2.89"
337500,"AS0","carbon_intensity","Mix:30.58"
337500,"AS0","water_intensity","Mix:2.92"
338400,"AS0","carbon_intensity","Mix:31.22"
338400,"AS0","water_intensity","Mix:2.93"
339300,"AS0","carbon_intensity","Mix:30.43"
339300,"AS0","water_intensity","Mix:2.92"
340200,"AS0","carbon_intensity","Mix:30.83"
340200,"AS0","water_intensity","Mix:2.91"
341100,"AS0","carbon_intensity","Mix:30.19"
341100,"AS0","water_intensity","Mix:2.89"
342000,"AS0","carbon_intensity","Mix:30.62"
342000,"AS0","water_intensity","Mix:2.94"
342900,"AS0","carbon_intensity","Mix:28.89"
342900,"AS0","water_intensity","Mix:2.93"
343800,"AS0","carbon_intensity","Mix:29.27"
343800,"AS0","water_intensity","Mix:3.08"
344700,"AS0","carbon_intensity","Mix:29.32"
344700,"AS0","water_intensity","Mix:3.12"
345600,"AS0","carbon_intensity","Mix:28.09"
345600,"AS0","water_intensity","Mix:3.12"
346500,"AS0","carbon_intensity","Mix:27.70"
346500,"AS0","water_intensity","Mix:3.15"
347400,"AS0","carbon_intensity","Mix:27.11"
347400,"AS0","water_intensity","Mix:3.17"
348300,"AS0","carbon_intensity","Mix:26.48"
348300,"AS0","water_intensity","Mix:3.07"
349200,"AS0","carbon_intensity","Mix:26.39"
349200,"AS0","water_intensity","Mix:3.02"
350100,"AS0","carbon_intensity","Mix:26.01"
350100,"AS0","water_intensity","Mix:2.97"
351000,"AS0","carbon_intensity","Mix:25.62"
351000,"AS0","water_intensity","Mix:2.92"
351900,"AS0","carbon_intensity","Mix:25.32"
351900,"AS0","water_intensity","Mix:2.89"
352800,"AS0","carbon_intensity","Mix:25.49"
352800,"AS0","water_intensity","Mix:2.93"
353700,"AS0","carbon_intensity","Mix:25.67"
353700,"AS0","water_intensity","Mix:2.97"
354600,"AS0","carbon_intensity","Mix:25.64"
354600,"AS0","water_intensity","Mix:2.92"
355500,"AS0","carbon_intensity","Mix:25.54"
355500,"AS0","water_intensity","Mix:2.90"
356400,"AS0","carbon_intensity","Mix:25.44"
356400,"AS0","water_intensity","Mix:2.88"
357300,"AS0","carbon_intensity","Mix:25.83"
357300,"AS0","water_intensity","Mix:2.95"
358200,"AS0","carbon_intensity","Mix:26.03"
358200,"AS0","water_intensity","Mix:2.97"
359100,"AS0","carbon_intensity","Mix:25.70"
359100,"AS0","water_intensity","Mix:2.98"
360000,"AS0","carbon_intensity","Mix:25.63"
360000,"AS0","water_intensity","Mix:2.98"
360900,"AS0","carbon_intensity","Mix:25.67"
360900,"AS0","water_intensity","Mix:2.97"
361800,"AS0","carbon_intensity","Mix:25.62"
361800,"AS0","water_intensity","Mix:2.96"
362700,"AS0","carbon_intensity","Mix:25.60"
362700,"AS0","water_intensity","Mix:2.97"
363600,"AS0","carbon_intensity","Mix:25.75"
363600,"AS0","water_intensity","Mix:3.02"
364500,"AS0","carbon_intensity","Mix:25.55"
364500,"AS0","water_intensity","Mix:2.95"
365400,"AS0","carbon_intensity","Mix:25.61"
365400,"AS0","water_intensity","Mix:2.93"
366300,"AS0","carbon_intensity","Mix:25.68"
366300,"AS0","water_intensity","Mix:2.90"
367200,"AS0","carbon_intensity","Mix:26.46"
367200,"AS0","water_intensity","Mix:2.95"
368100,"AS0","carbon_intensity","Mix:27.48"
368100,"AS0","water_intensity","Mix:2.95"
369000,"AS0","carbon_intensity","Mix:28.04"
369000,"AS0","water_intensity","Mix:2.90"
369900,"AS0","carbon_intensity","Mix:28.58"
369900,"AS0","water_intensity","Mix:2.85"
370800,"AS0","carbon_intensity","Mix:30.70"
370800,"AS0","water_intensity","Mix:2.90"
371700,"AS0","carbon_intensity","Mix:33.68"
371700,"AS0","water_intensity","Mix:2.94"
372600,"AS0","carbon_intensity","Mix:34.69"
372600,"AS0","water_intensity","Mix:2.97"
373500,"AS0","carbon_intensity","Mix:34.84"
373500,"AS0","water_intensity","Mix:3.05"
374400,"AS0","carbon_intensity","Mix:34.84"
374400,"AS0","water_intensity","Mix:3.08"
375300,"AS0","carbon_intensity","Mix:35.51"
375300,"AS0","water_intensity","Mix:3.14"
376200,"AS0","carbon_intensity","Mix:35.71"
376200,"AS0","water_intensity","Mix:3.18"
377100,"AS0","carbon_intensity","Mix:35.68"
377100,"AS0","water_intensity","Mix:3.26"
378000,"AS0","carbon_intensity","Mix:34.17"
378000,"AS0","water_intensity","Mix:3.30"
378900,"AS0","carbon_intensity","Mix:33.97"
378900,"AS0","water_intensity","Mix:3.28"
379800,"AS0","carbon_intensity","Mix:33.94"
379800,"AS0","water_intensity","Mix:3.26"
380700,"AS0","carbon_intensity","Mix:33.90"
380700,"AS0","water_intensity","Mix:3.23"
381600,"AS0","carbon_intensity","Mix:33.78"
381600,"AS0","water_intensity","Mix:3.19"
382500,"AS0","carbon_intensity","Mix:33.34"
382500,"AS0","water_intensity","Mix:3.07"
383400,"AS0","carbon_intensity","Mix:33.09"
383400,"AS0","water_intensity","Mix:3.04"
384300,"AS0","carbon_intensity","Mix:32.90"
384300,"AS0","water_intensity","Mix:2.99"
385200,"AS0","carbon_intensity","Mix:31.73"
385200,"AS0","water_intensity","Mix:2.87"
386100,"AS0","carbon_intensity","Mix:31.08"
386100,"AS0","water_intensity","Mix:2.82"
387000,"AS0","carbon_intensity","Mix:30.34"
387000,"AS0","water_intensity","Mix:2.76"
387900,"AS0","carbon_intensity","Mix:30.66"
387900,"AS0","water_intensity","Mix:2.75"
388800,"AS0","carbon_intensity","Mix:31.24"
388800,"AS0","water_intensity","Mix:2.70"
389700,"AS0","carbon_intensity","Mix:31.06"
389700,"AS0","water_intensity","Mix:2.67"
390600,"AS0","carbon_intensity","Mix:30.80"
390600,"AS0","water_intensity","Mix:2.65"
391500,"AS0","carbon_intensity","Mix:30.67"
391500,"AS0","water_intensity","Mix:2.66"
392400,"AS0","carbon_intensity","Mix:29.48"
392400,"AS0","water_intensity","Mix:2.63"
393300,"AS0","carbon_intensity","Mix:29.23"
393300,"AS0","water_intensity","Mix:2.57"
394200,"AS0","carbon_intensity","Mix:29.45"
394200,"AS0","water_intensity","Mix:2.57"
395100,"AS0","carbon_intensity","Mix:29.40"
395100,"AS0","water_intensity","Mix:2.58"
396000,"AS0","carbon_intensity","Mix:29.34"
396000,"AS0","water_intensity","Mix:2.56"
396900,"AS0","carbon_intensity","Mix:29.39"
396900,"AS0","water_intensity","Mix:2.58"
397800,"AS0","carbon_intensity","Mix:29.30"
397800,"AS0","water_intensity","Mix:2.61"
398700,"AS0","carbon_intensity","Mix:28.40"
398700,"AS0","water_intensity","Mix:2.65"
399600,"AS0","carbon_intensity","Mix:29.12"
399600,"AS0","water_intensity","Mix:2.64"
400500,"AS0","carbon_intensity","Mix:29.64"
400500,"AS0","water_intensity","Mix:2.67"
401400,"AS0","carbon_intensity","Mix:30.10"
401400,"AS0","water_intensity","Mix:2.69"
402300,"AS0","carbon_intensity","Mix:29.97"
402300,"AS0","water_intensity","Mix:2.71"
403200,"AS0","carbon_intensity","Mix:30.90"
403200,"AS0","water_intensity","Mix:2.81"
404100,"AS0","carbon_intensity","Mix:31.14"
404100,"AS0","water_intensity","Mix:2.84"
405000,"AS0","carbon_intensity","Mix:31.80"
405000,"AS0","water_intensity","Mix:2.93"
405900,"AS0","carbon_intensity","Mix:31.53"
405900,"AS0","water_intensity","Mix:2.98"
406800,"AS0","carbon_intensity","Mix:32.73"
406800,"AS0","water_intensity","Mix:3.11"
407700,"AS0","carbon_intensity","Mix:76.51"
407700,"AS0","water_intensity","Mix:5.20"
408600,"AS0","carbon_intensity","Mix:34.25"
408600,"AS0","water_intensity","Mix:3.35"
409500,"AS0","carbon_intensity","Mix:34.96"
409500,"AS0","water_intensity","Mix:3.39"
410400,"AS0","carbon_intensity","Mix:35.78"
410400,"AS0","water_intensity","Mix:3.49"
411300,"AS0","carbon_intensity","Mix:35.67"
411300,"AS0","water_intensity","Mix:3.53"
412200,"AS0","carbon_intensity","Mix:35.12"
412200,"AS0","water_intensity","Mix:3.54"
413100,"AS0","carbon_intensity","Mix:34.71"
413100,"AS0","water_intensity","Mix:3.58"
414000,"AS0","carbon_intensity","Mix:34.35"
414000,"AS0","water_intensity","Mix:3.60"
414900,"AS0","carbon_intensity","Mix:33.79"
414900,"AS0","water_intensity","Mix:3.59"
415800,"AS0","carbon_intensity","Mix:32.94"
415800,"AS0","water_intensity","Mix:3.54"
416700,"AS0","carbon_intensity","Mix:32.50"
416700,"AS0","water_intensity","Mix:3.53"
417600,"AS0","carbon_intensity","Mix:32.21"
417600,"AS0","water_intensity","Mix:3.51"
418500,"AS0","carbon_intensity","Mix:31.84"
418500,"AS0","water_intensity","Mix:3.45"
419400,"AS0","carbon_intensity","Mix:31.42"
419400,"AS0","water_intensity","Mix:3.34"
420300,"AS0","carbon_intensity","Mix:31.32"
420300,"AS0","water_intensity","Mix:3.28"
421200,"AS0","carbon_intensity","Mix:31.22"
421200,"AS0","water_intensity","Mix:3.24"
422100,"AS0","carbon_intensity","Mix:31.19"
422100,"AS0","water_intensity","Mix:3.23"
423000,"AS0","carbon_intensity","Mix:30.73"
423000,"AS0","water_intensity","Mix:3.19"
423900,"AS0","carbon_intensity","Mix:30.09"
423900,"AS0","water_intensity","Mix:3.16"
424800,"AS0","carbon_intensity","Mix:30.20"
424800,"AS0","water_intensity","Mix:3.14"
425700,"AS0","carbon_intensity","Mix:30.02"
425700,"AS0","water_intensity","Mix:3.13"
426600,"AS0","carbon_intensity","Mix:30.35"
426600,"AS0","water_intensity","Mix:3.12"
427500,"AS0","carbon_intensity","Mix:30.25"
427500,"AS0","water_intensity","Mix:3.10"
428400,"AS0","carbon_intensity","Mix:29.63"
428400,"AS0","water_intensity","Mix:3.02"
429300,"AS0","carbon_intensity","Mix:29.59"
429300,"AS0","water_intensity","Mix:3.01"
430200,"AS0","carbon_intensity","Mix:29.91"
430200,"AS0","water_intensity","Mix:3.01"
431100,"AS0","carbon_intensity","Mix:29.01"
431100,"AS0","water_intensity","Mix:3.02"
432000,"AS0","carbon_intensity","Mix:28.47"
432000,"AS0","water_intensity","Mix:3.09"
432900,"AS0","carbon_intensity","Mix:28.14"
432900,"AS0","water_intensity","Mix:3.17"
433800,"AS0","carbon_intensity","Mix:26.33"
433800,"AS0","water_intensity","Mix:3.18"
434700,"AS0","carbon_intensity","Mix:24.90"
434700,"AS0","water_intensity","Mix:3.21"
435600,"AS0","carbon_intensity","Mix:25.06"
435600,"AS0","water_intensity","Mix:3.22"
436500,"AS0","carbon_intensity","Mix:25.27"
436500,"AS0","water_intensity","Mix:3.20"
437400,"AS0","carbon_intensity","Mix:24.93"
437400,"AS0","water_intensity","Mix:3.18"
438300,"AS0","carbon_intensity","Mix:24.69"
438300,"AS0","water_intensity","Mix:3.17"
439200,"AS0","carbon_intensity","Mix:24.48"
439200,"AS0","water_intensity","Mix:3.13"
440100,"AS0","carbon_intensity","Mix:24.62"
440100,"AS0","water_intensity","Mix:3.14"
441000,"AS0","carbon_intensity","Mix:24.76"
441000,"AS0","water_intensity","Mix:3.14"
441900,"AS0","carbon_intensity","Mix:25.10"
441900,"AS0","water_intensity","Mix:3.22"
442800,"AS0","carbon_intensity","Mix:24.82"
442800,"AS0","water_intensity","Mix:3.26"
443700,"AS0","carbon_intensity","Mix:25.20"
443700,"AS0","water_intensity","Mix:3.30"
444600,"AS0","carbon_intensity","Mix:25.53"
444600,"AS0","water_intensity","Mix:3.33"
445500,"AS0","carbon_intensity","Mix:24.93"
445500,"AS0","water_intensity","Mix:3.34"
446400,"AS0","carbon_intensity","Mix:25.61"
446400,"AS0","water_intensity","Mix:3.35"
447300,"AS0","carbon_intensity","Mix:25.19"
447300,"AS0","water_intensity","Mix:3.34"
448200,"AS0","carbon_intensity","Mix:25.17"
448200,"AS0","water_intensity","Mix:3.38"
449100,"AS0","carbon_intensity","Mix:25.05"
449100,"AS0","water_intensity","Mix:3.38"
450000,"AS0","carbon_intensity","Mix:25.21"
450000,"AS0","water_intensity","Mix:3.41"
450900,"AS0","carbon_intensity","Mix:25.23"
450900,"AS0","water_intensity","Mix:3.41"
451800,"AS0","carbon_intensity","Mix:25.18"
451800,"AS0","water_intensity","Mix:3.40"
452700,"AS0","carbon_intensity","Mix:25.09"
452700,"AS0","water_intensity","Mix:3.38"
453600,"AS0","carbon_intensity","Mix:25.08"
453600,"AS0","water_intensity","Mix:3.36"
454500,"AS0","carbon_intensity","Mix:25.29"
454500,"AS0","water_intensity","Mix:3.37"
455400,"AS0","carbon_intensity","Mix:24.41"
455400,"AS0","water_intensity","Mix:3.20"
456300,"AS0","carbon_intensity","Mix:24.47"
456300,"AS0","water_intensity","Mix:3.20"
457200,"AS0","carbon_intensity","Mix:24.86"
457200,"AS0","water_intensity","Mix:3.26"
458100,"AS0","carbon_intensity","Mix:25.16"
458100,"AS0","water_intensity","Mix:3.24"
459000,"AS0","carbon_intensity","Mix:25.75"
459000,"AS0","water_intensity","Mix:3.34"
459900,"AS0","carbon_intensity","Mix:27.02"
459900,"AS0","water_intensity","Mix:3.35"
460800,"AS0","carbon_intensity","Mix:27.73"
460800,"AS0","water_intensity","Mix:3.41"
461700,"AS0","carbon_intensity","Mix:26.77"
461700,"AS0","water_intensity","Mix:3.29"
462600,"AS0","carbon_intensity","Mix:26.96"
462600,"AS0","water_intensity","Mix:3.28"
463500,"AS0","carbon_intensity","Mix:27.19"
463500,"AS0","water_intensity","Mix:3.26"
464400,"AS0","carbon_intensity","Mix:27.45"
464400,"AS0","water_intensity","Mix:3.31"
465300,"AS0","carbon_intensity","Mix:27.44"
465300,"AS0","water_intensity","Mix:3.33"
466200,"AS0","carbon_intensity","Mix:27.43"
466200,"AS0","water_intensity","Mix:3.25"
467100,"AS0","carbon_intensity","Mix:27.42"
467100,"AS0","water_intensity","Mix:3.22"
468000,"AS0","carbon_intensity","Mix:26.93"
468000,"AS0","water_intensity","Mix:3.09"
468900,"AS0","carbon_intensity","Mix:26.82"
468900,"AS0","water_intensity","Mix:3.08"
469800,"AS0","carbon_intensity","Mix:26.19"
469800,"AS0","water_intensity","Mix:3.01"
470700,"AS0","carbon_intensity","Mix:26.00"
470700,"AS0","water_intensity","Mix:2.98"
471600,"AS0","carbon_intensity","Mix:25.72"
471600,"AS0","water_intensity","Mix:2.92"
472500,"AS0","carbon_intensity","Mix:25.62"
472500,"AS0","water_intensity","Mix:2.90"
473400,"AS0","carbon_intensity","Mix:25.73"
473400,"AS0","water_intensity","Mix:2.91"
474300,"AS0","carbon_intensity","Mix:26.02"
474300,"AS0","water_intensity","Mix:2.94"
475200,"AS0","carbon_intensity","Mix:26.12"
475200,"AS0","water_intensity","Mix:2.97"
476100,"AS0","carbon_intensity","Mix:26.34"
476100,"AS0","water_intensity","Mix:2.97"
477000,"AS0","carbon_intensity","Mix:26.77"
477000,"AS0","water_intensity","Mix:2.94"
477900,"AS0","carbon_intensity","Mix:26.71"
477900,"AS0","water_intensity","Mix:2.90"
478800,"AS0","carbon_intensity","Mix:25.77"
478800,"AS0","water_intensity","Mix:2.82"
479700,"AS0","carbon_intensity","Mix:25.82"
479700,"AS0","water_intensity","Mix:2.92"
480600,"AS0","carbon_intensity","Mix:26.25"
480600,"AS0","water_intensity","Mix:3.00"
481500,"AS0","carbon_intensity","Mix:26.01"
481500,"AS0","water_intensity","Mix:2.99"
482400,"AS0","carbon_intensity","Mix:26.24"
482400,"AS0","water_intensity","Mix:3.01"
483300,"AS0","carbon_intensity","Mix:26.87"
483300,"AS0","water_intensity","Mix:3.04"
484200,"AS0","carbon_intensity","Mix:27.24"
484200,"AS0","water_intensity","Mix:3.06"
485100,"AS0","carbon_intensity","Mix:27.35"
485100,"AS0","water_intensity","Mix:2.99"
486000,"AS0","carbon_intensity","Mix:28.05"
486000,"AS0","water_intensity","Mix:3.04"
486900,"AS0","carbon_intensity","Mix:29.46"
486900,"AS0","water_intensity","Mix:3.09"
487800,"AS0","carbon_intensity","Mix:29.91"
487800,"AS0","water_intensity","Mix:3.14"
488700,"AS0","carbon_intensity","Mix:30.38"
488700,"AS0","water_intensity","Mix:3.20"
489600,"AS0","carbon_intensity","Mix:31.41"
489600,"AS0","water_intensity","Mix:3.17"
490500,"AS0","carbon_intensity","Mix:32.71"
490500,"AS0","water_intensity","Mix:3.21"
491400,"AS0","carbon_intensity","Mix:34.29"
491400,"AS0","water_intensity","Mix:3.32"
492300,"AS0","carbon_intensity","Mix:36.33"
492300,"AS0","water_intensity","Mix:3.49"
493200,"AS0","carbon_intensity","Mix:40.02"
493200,"AS0","water_intensity","Mix:3.65"
494100,"AS0","carbon_intensity","Mix:41.19"
494100,"AS0","water_intensity","Mix:3.74"
495000,"AS0","carbon_intensity","Mix:42.50"
495000,"AS0","water_intensity","Mix:3.92"
495900,"AS0","carbon_intensity","Mix:43.52"
495900,"AS0","water_intensity","Mix:4.16"
496800,"AS0","carbon_intensity","Mix:44.21"
496800,"AS0","water_intensity","Mix:4.30"
497700,"AS0","carbon_intensity","Mix:44.33"
497700,"AS0","water_intensity","Mix:4.35"
498600,"AS0","carbon_intensity","Mix:44.73"
498600,"AS0","water_intensity","Mix:4.41"
499500,"AS0","carbon_intensity","Mix:45.30"
499500,"AS0","water_intensity","Mix:4.45"
500400,"AS0","carbon_intensity","Mix:45.91"
500400,"AS0","water_intensity","Mix:4.47"
501300,"AS0","carbon_intensity","Mix:46.16"
501300,"AS0","water_intensity","Mix:4.53"
502200,"AS0","carbon_intensity","Mix:46.30"
502200,"AS0","water_intensity","Mix:4.50"
503100,"AS0","carbon_intensity","Mix:46.45"
503100,"AS0","water_intensity","Mix:4.47"
504000,"AS0","carbon_intensity","Mix:46.61"
504000,"AS0","water_intensity","Mix:4.48"
504900,"AS0","carbon_intensity","Mix:46.10"
504900,"AS0","water_intensity","Mix:4.51"
505800,"AS0","carbon_intensity","Mix:46.57"
505800,"AS0","water_intensity","Mix:4.40"
506700,"AS0","carbon_intensity","Mix:46.64"
506700,"AS0","water_intensity","Mix:4.39"
507600,"AS0","carbon_intensity","Mix:46.73"
507600,"AS0","water_intensity","Mix:4.44"
508500,"AS0","carbon_intensity","Mix:46.69"
508500,"AS0","water_intensity","Mix:4.44"
509400,"AS0","carbon_intensity","Mix:46.82"
509400,"AS0","water_intensity","Mix:4.40"
510300,"AS0","carbon_intensity","Mix:46.79"
510300,"AS0","water_intensity","Mix:4.36"
511200,"AS0","carbon_intensity","Mix:46.80"
511200,"AS0","water_intensity","Mix:4.34"
512100,"AS0","carbon_intensity","Mix:46.87"
512100,"AS0","water_intensity","Mix:4.33"
513000,"AS0","carbon_intensity","Mix:47.47"
513000,"AS0","water_intensity","Mix:4.43"
513900,"AS0","carbon_intensity","Mix:47.29"
513900,"AS0","water_intensity","Mix:4.44"
514800,"AS0","carbon_intensity","Mix:47.35"
514800,"AS0","water_intensity","Mix:4.39"
515700,"AS0","carbon_intensity","Mix:47.22"
515700,"AS0","water_intensity","Mix:4.29"
516600,"AS0","carbon_intensity","Mix:47.09"
516600,"AS0","water_intensity","Mix:4.25"
517500,"AS0","carbon_intensity","Mix:46.67"
517500,"AS0","water_intensity","Mix:4.18"
518400,"AS0","carbon_intensity","Mix:45.60"
518400,"AS0","water_intensity","Mix:4.11"
519300,"AS0","carbon_intensity","Mix:45.39"
519300,"AS0","water_intensity","Mix:4.11"
520200,"AS0","carbon_intensity","Mix:44.24"
520200,"AS0","water_intensity","Mix:4.03"
521100,"AS0","carbon_intensity","Mix:43.35"
521100,"AS0","water_intensity","Mix:4.03"
522000,"AS0","carbon_intensity","Mix:43.12"
522000,"AS0","water_intensity","Mix:3.92"
522900,"AS0","carbon_intensity","Mix:43.12"
522900,"AS0","water_intensity","Mix:3.88"
523800,"AS0","carbon_intensity","Mix:43.08"
523800,"AS0","water_intensity","Mix:3.85"
524700,"AS0","carbon_intensity","Mix:42.99"
524700,"AS0","water_intensity","Mix:3.83"
525600,"AS0","carbon_intensity","Mix:42.46"
525600,"AS0","water_intensity","Mix:3.82"
526500,"AS0","carbon_intensity","Mix:41.25"
526500,"AS0","water_intensity","Mix:3.75"
527400,"AS0","carbon_intensity","Mix:39.97"
527400,"AS0","water_intensity","Mix:3.60"
528300,"AS0","carbon_intensity","Mix:39.86"
528300,"AS0","water_intensity","Mix:3.61"
529200,"AS0","carbon_intensity","Mix:39.58"
529200,"AS0","water_intensity","Mix:3.61"
530100,"AS0","carbon_intensity","Mix:38.86"
530100,"AS0","water_intensity","Mix:3.61"
531000,"AS0","carbon_intensity","Mix:37.92"
531000,"AS0","water_intensity","Mix:3.55"
531900,"AS0","carbon_intensity","Mix:37.08"
531900,"AS0","water_intensity","Mix:3.53"
532800,"AS0","carbon_intensity","Mix:36.94"
532800,"AS0","water_intensity","Mix:3.53"
533700,"AS0","carbon_intensity","Mix:36.47"
533700,"AS0","water_intensity","Mix:3.52"
534600,"AS0","carbon_intensity","Mix:36.01"
534600,"AS0","water_intensity","Mix:3.48"
535500,"AS0","carbon_intensity","Mix:36.24"
535500,"AS0","water_intensity","Mix:3.47"
536400,"AS0","carbon_intensity","Mix:36.07"
536400,"AS0","water_intensity","Mix:3.44"
537300,"AS0","carbon_intensity","Mix:36.24"
537300,"AS0","water_intensity","Mix:3.45"
538200,"AS0","carbon_intensity","Mix:35.48"
538200,"AS0","water_intensity","Mix:3.45"
539100,"AS0","carbon_intensity","Mix:34.54"
539100,"AS0","water_intensity","Mix:3.44"
540000,"AS0","carbon_intensity","Mix:33.78"
540000,"AS0","water_intensity","Mix:3.41"
540900,"AS0","carbon_intensity","Mix:33.68"
540900,"AS0","water_intensity","Mix:3.43"
541800,"AS0","carbon_intensity","Mix:33.93"
541800,"AS0","water_intensity","Mix:3.44"
542700,"AS0","carbon_intensity","Mix:33.73"
542700,"AS0","water_intensity","Mix:3.44"
543600,"AS0","carbon_intensity","Mix:33.74"
543600,"AS0","water_intensity","Mix:3.48"
544500,"AS0","carbon_intensity","Mix:33.83"
544500,"AS0","water_intensity","Mix:3.48"
545400,"AS0","carbon_intensity","Mix:33.25"
545400,"AS0","water_intensity","Mix:3.52"
546300,"AS0","carbon_intensity","Mix:33.07"
546300,"AS0","water_intensity","Mix:3.54"
547200,"AS0","carbon_intensity","Mix:33.33"
547200,"AS0","water_intensity","Mix:3.51"
548100,"AS0","carbon_intensity","Mix:33.62"
548100,"AS0","water_intensity","Mix:3.51"
549000,"AS0","carbon_intensity","Mix:33.80"
549000,"AS0","water_intensity","Mix:3.52"
549900,"AS0","carbon_intensity","Mix:34.36"
549900,"AS0","water_intensity","Mix:3.52"
550800,"AS0","carbon_intensity","Mix:33.90"
550800,"AS0","water_intensity","Mix:3.53"
551700,"AS0","carbon_intensity","Mix:34.03"
551700,"AS0","water_intensity","Mix:3.50"
552600,"AS0","carbon_intensity","Mix:33.61"
552600,"AS0","water_intensity","Mix:3.48"
553500,"AS0","carbon_intensity","Mix:33.23"
553500,"AS0","water_intensity","Mix:3.43"
554400,"AS0","carbon_intensity","Mix:32.80"
554400,"AS0","water_intensity","Mix:3.33"
555300,"AS0","carbon_intensity","Mix:31.89"
555300,"AS0","water_intensity","Mix:3.32"
556200,"AS0","carbon_intensity","Mix:30.24"
556200,"AS0","water_intensity","Mix:3.24"
557100,"AS0","carbon_intensity","Mix:28.95"
557100,"AS0","water_intensity","Mix:3.18"
558000,"AS0","carbon_intensity","Mix:29.72"
558000,"AS0","water_intensity","Mix:3.13"
558900,"AS0","carbon_intensity","Mix:29.79"
558900,"AS0","water_intensity","Mix:3.09"
559800,"AS0","carbon_intensity","Mix:29.52"
559800,"AS0","water_intensity","Mix:3.04"
560700,"AS0","carbon_intensity","Mix:29.18"
560700,"AS0","water_intensity","Mix:3.00"
561600,"AS0","carbon_intensity","Mix:29.02"
561600,"AS0","water_intensity","Mix:3.00"
562500,"AS0","carbon_intensity","Mix:28.68"
562500,"AS0","water_intensity","Mix:2.96"
563400,"AS0","carbon_intensity","Mix:28.89"
563400,"AS0","water_intensity","Mix:2.98"
564300,"AS0","carbon_intensity","Mix:28.29"
564300,"AS0","water_intensity","Mix:2.93"
565200,"AS0","carbon_intensity","Mix:29.16"
565200,"AS0","water_intensity","Mix:2.99"
566100,"AS0","carbon_intensity","Mix:29.05"
566100,"AS0","water_intensity","Mix:3.01"
567000,"AS0","carbon_intensity","Mix:28.14"
567000,"AS0","water_intensity","Mix:3.03"
567900,"AS0","carbon_intensity","Mix:28.03"
567900,"AS0","water_intensity","Mix:3.07"
568800,"AS0","carbon_intensity","Mix:28.21"
568800,"AS0","water_intensity","Mix:3.11"
569700,"AS0","carbon_intensity","Mix:27.97"
569700,"AS0","water_intensity","Mix:3.11"
570600,"AS0","carbon_intensity","Mix:27.44"
570600,"AS0","water_intensity","Mix:3.11"
571500,"AS0","carbon_intensity","Mix:27.64"
571500,"AS0","water_intensity","Mix:3.12"
572400,"AS0","carbon_intensity","Mix:28.07"
572400,"AS0","water_intensity","Mix:3.15"
573300,"AS0","carbon_intensity","Mix:28.95"
573300,"AS0","water_intensity","Mix:3.18"
574200,"AS0","carbon_intensity","Mix:29.12"
574200,"AS0","water_intensity","Mix:3.24"
575100,"AS0","carbon_intensity","Mix:29.39"
575100,"AS0","water_intensity","Mix:3.27"
576000,"AS0","carbon_intensity","Mix:29.15"
576000,"AS0","water_intensity","Mix:3.26"
576900,"AS0","carbon_intensity","Mix:28.71"
576900,"AS0","water_intensity","Mix:3.17"
577800,"AS0","carbon_intensity","Mix:30.04"
577800,"AS0","water_intensity","Mix:3.24"
578700,"AS0","carbon_intensity","Mix:31.45"
578700,"AS0","water_intensity","Mix:3.24"
579600,"AS0","carbon_intensity","Mix:33.51"
579600,"AS0","water_intensity","Mix:3.28"
580500,"AS0","carbon_intensity","Mix:35.48"
580500,"AS0","water_intensity","Mix:3.31"
581400,"AS0","carbon_intensity","Mix:37.08"
581400,"AS0","water_intensity","Mix:3.36"
582300,"AS0","carbon_intensity","Mix:37.94"
582300,"AS0","water_intensity","Mix:3.45"
583200,"AS0","carbon_intensity","Mix:38.33"
583200,"AS0","water_intensity","Mix:3.67"
584100,"AS0","carbon_intensity","Mix:38.52"
584100,"AS0","water_intensity","Mix:3.74"
585000,"AS0","carbon_intensity","Mix:38.80"
585000,"AS0","water_intensity","Mix:3.82"
585900,"AS0","carbon_intensity","Mix:38.91"
585900,"AS0","water_intensity","Mix:3.84"
586800,"AS0","carbon_intensity","Mix:38.82"
586800,"AS0","water_intensity","Mix:3.86"
587700,"AS0","carbon_intensity","Mix:38.62"
587700,"AS0","water_intensity","Mix:3.81"
588600,"AS0","carbon_intensity","Mix:38.55"
588600,"AS0","water_intensity","Mix:3.74"
589500,"AS0","carbon_intensity","Mix:38.45"
589500,"AS0","water_intensity","Mix:3.73"
590400,"AS0","carbon_intensity","Mix:38.18"
590400,"AS0","water_intensity","Mix:3.76"
591300,"AS0","carbon_intensity","Mix:37.89"
591300,"AS0","water_intensity","Mix:3.61"
592200,"AS0","carbon_intensity","Mix:36.86"
592200,"AS0","water_intensity","Mix:3.43"
593100,"AS0","carbon_intensity","Mix:35.76"
593100,"AS0","water_intensity","Mix:3.37"
594000,"AS0","carbon_intensity","Mix:35.27"
594000,"AS0","water_intensity","Mix:3.31"
594900,"AS0","carbon_intensity","Mix:35.25"
594900,"AS0","water_intensity","Mix:3.14"
595800,"AS0","carbon_intensity","Mix:34.29"
595800,"AS0","water_intensity","Mix:3.05"
596700,"AS0","carbon_intensity","Mix:33.37"
596700,"AS0","water_intensity","Mix:3.04"
597600,"AS0","carbon_intensity","Mix:34.33"
597600,"AS0","water_intensity","Mix:3.12"
598500,"AS0","carbon_intensity","Mix:33.81"
598500,"AS0","water_intensity","Mix:3.11"
599400,"AS0","carbon_intensity","Mix:34.33"
599400,"AS0","water_intensity","Mix:3.16"
600300,"AS0","carbon_intensity","Mix:33.74"
600300,"AS0","water_intensity","Mix:3.13"
601200,"AS0","carbon_intensity","Mix:33.64"
601200,"AS0","water_intensity","Mix:3.02"
602100,"AS0","carbon_intensity","Mix:33.20"
602100,"AS0","water_intensity","Mix:2.88"
603000,"AS0","carbon_intensity","Mix:32.65"
603000,"AS0","water_intensity","Mix:2.86"
603900,"AS0","carbon_intensity","Mix:32.01"
603900,"AS0","water_intensity","Mix:2.90"
